-0.09,0.2
-0.095,0.17
-0.09,0.155
-0.09,0.15
-0.085,0.145
-0.06,0.15
-0.05,0.13
-0.07,0.11
-0.105,0.09
-0.095,0.115
-0.09,0.115
-0.065,0.125
-0.06,0.12
-0.08,0.12
-0.085,0.095
-0.085,0.095
-0.07,0.125
-0.065,0.14
-0.075,0.135
-0.08,0.115
-0.1,0.095
-0.105,0.095
-0.095,0.12
-0.095,0.125
-0.085,0.14
-0.08,0.115
-0.1,0.105
-0.105,0.11
-0.095,0.13
-0.07,0.13
-0.065,0.13
-0.085,0.125
-0.095,0.12
-0.1,0.13
-0.08,0.155
-0.085,0.16
-0.085,0.15
-0.09,0.125
-0.105,0.13
-0.125,0.13
-0.11,0.155
-0.1,0.17
-0.105,0.16
-0.095,0.145
-0.12,0.13
-0.13,0.135
-0.115,0.165
-0.115,0.175
-0.125,0.15
-0.125,0.135
-0.115,0.125
-0.085,0.14
-0.08,0.15
-0.075,0.155
-0.075,0.15
-0.1,0.135
-0.12,0.12
-0.115,0.135
-0.085,0.14
-0.08,0.155
-0.095,0.145
-0.105,0.115
-0.095,0.11
-0.09,0.13
-0.08,0.15
-0.05,0.165
-0.04,0.13
-0.045,0.135
-0.055,0.105
-0.06,0.135
-0.04,0.135
-0.025,0.16
-0.01,0.155
-0.02,0.13
-0.03,0.125
-0.04,0.13
-0.045,0.155
0.0,0.15
0.005,0.14
0.005,0.125
-0.02,0.11
-0.02,0.1
-0.025,0.1
0.0,0.11
-0.005,0.105
0.0,0.085
-0.015,0.09
-0.01,0.11
-0.01,0.11
-0.005,0.13
-0.02,0.12
-0.04,0.1
-0.07,0.08
-0.07,0.105
-0.065,0.105
-0.065,0.125
-0.085,0.11
-0.095,0.1
-0.105,0.07
-0.09,0.07
-0.08,0.085
-0.06,0.1
-0.045,0.095
-0.065,0.105
-0.11,0.09
-0.13,0.105
-0.125,0.13
-0.105,0.135
-0.095,0.13
-0.09,0.1
-0.09,0.105
-0.095,0.105
-0.09,0.12
-0.085,0.145
-0.08,0.125
-0.09,0.12
-0.095,0.115
-0.085,0.13
-0.09,0.17
-0.08,0.215
-0.095,0.24
-0.105,0.235
-0.1,0.21
-0.09,0.2
-0.055,0.15
0.02,0.105
0.1,-0.005
0.21,-0.15
0.325,-0.28
0.425,-0.4
0.55,-0.53
0.69,-0.615
0.85,-0.745
1.02,-0.83
1.22,-0.89
1.435,-0.91
1.665,-0.92
1.88,-0.935
2.03,-0.955
2.075,-0.985
2.07,-1.005
1.99,-0.99
1.865,-0.97
1.65,-0.95
1.375,-0.94
1.075,-0.905
0.795,-0.87
0.565,-0.805
0.45,-0.74
0.375,-0.645
0.36,-0.545
0.35,-0.475
0.34,-0.415
0.33,-0.33
0.325,-0.255
0.305,-0.195
0.26,-0.16
0.195,-0.145
0.155,-0.1
0.14,-0.075
0.14,-0.015
0.13,0.065
0.105,0.09
0.06,0.105
-0.005,0.13
-0.045,0.17
-0.035,0.215
-0.045,0.245
-0.07,0.27
-0.1,0.29
-0.15,0.3
-0.16,0.33
-0.17,0.37
-0.185,0.39
-0.205,0.4
-0.22,0.39
-0.245,0.385
-0.23,0.415
-0.22,0.45
-0.205,0.455
-0.235,0.455
-0.255,0.455
-0.255,0.46
-0.255,0.455
-0.25,0.48
-0.245,0.495
-0.25,0.5
-0.255,0.485
-0.265,0.49
-0.265,0.475
-0.255,0.51
-0.24,0.525
-0.23,0.555
-0.25,0.555
-0.265,0.565
-0.265,0.575
-0.28,0.595
-0.275,0.615
-0.27,0.61
-0.28,0.625
-0.275,0.625
-0.275,0.64
-0.28,0.675
-0.28,0.69
-0.295,0.69
-0.3,0.68
-0.32,0.695
-0.315,0.72
-0.32,0.75
-0.31,0.795
-0.315,0.78
-0.335,0.785
-0.37,0.785
-0.39,0.81
-0.37,0.845
-0.34,0.875
-0.33,0.855
-0.345,0.865
-0.365,0.85
-0.405,0.87
-0.405,0.91
-0.39,0.92
-0.395,0.9
-0.4,0.89
-0.42,0.89
-0.425,0.895
-0.425,0.92
-0.405,0.94
-0.41,0.925
-0.41,0.905
-0.435,0.885
-0.43,0.89
-0.42,0.885
-0.41,0.89
-0.395,0.85
-0.415,0.825
-0.425,0.795
-0.435,0.785
-0.405,0.765
-0.365,0.755
-0.345,0.725
-0.34,0.685
-0.36,0.67
-0.345,0.65
-0.345,0.655
-0.315,0.655
-0.29,0.6
-0.285,0.545
-0.27,0.525
-0.26,0.5
-0.225,0.475
-0.18,0.46
-0.155,0.435
-0.155,0.38
-0.15,0.355
-0.13,0.335
-0.1,0.33
-0.07,0.32
-0.045,0.3
-0.045,0.27
-0.055,0.235
-0.04,0.225
-0.02,0.23
-0.005,0.235
0.01,0.215
-0.005,0.22
-0.015,0.22
-0.015,0.195
-0.005,0.21
0.005,0.21
0.01,0.2
0.005,0.18
-0.005,0.185
-0.005,0.185
-0.005,0.2
-0.005,0.205
-0.01,0.185
0.005,0.175
0.005,0.175
0.0,0.185
0.0,0.2
0.01,0.205
-0.005,0.21
-0.01,0.2
-0.025,0.2
-0.04,0.2
-0.035,0.21
-0.005,0.225
0.005,0.235
-0.01,0.23
-0.025,0.23
-0.055,0.25
-0.04,0.27
-0.04,0.295
-0.03,0.29
-0.06,0.305
-0.1,0.295
-0.125,0.35
-0.145,0.375
-0.14,0.435
-0.125,0.46
-0.12,0.48
-0.09,0.515
-0.05,0.57
0.025,0.615
0.125,0.675
0.215,0.735
0.315,0.795
0.435,0.86
0.6,0.91
0.795,0.98
0.96,1.0
1.11,0.96
1.24,0.935
1.285,0.905
1.25,0.915
1.15,0.965
1.04,1.05
0.94,1.12
0.835,1.17
0.67,1.175
0.53,1.205
0.39,1.245
0.28,1.235
0.175,1.185
0.06,1.125
-0.07,1.04
-0.185,0.99
-0.265,0.925
-0.35,0.87
-0.45,0.785
-0.525,0.695
-0.54,0.585
-0.52,0.49
-0.44,0.415
-0.33,0.32
-0.225,0.225
-0.18,0.175
-0.14,0.135
-0.115,0.14
-0.115,0.135
-0.095,0.135
-0.095,0.125
-0.09,0.07
-0.095,0.055
-0.095,0.04
-0.07,0.055
-0.065,0.055
-0.05,0.045
-0.075,0.015
-0.1,-0.01
-0.1,-0.005
-0.09,0.01
-0.08,0.015
-0.075,0.0
-0.105,-0.03
-0.14,-0.05
-0.135,-0.065
-0.095,-0.07
-0.06,-0.045
-0.05,-0.07
-0.065,-0.085
-0.07,-0.12
-0.065,-0.13
-0.045,-0.115
-0.02,-0.115
-0.005,-0.135
-0.015,-0.145
-0.035,-0.165
-0.04,-0.185
-0.04,-0.17
-0.005,-0.155
0.01,-0.17
0.005,-0.19
-0.015,-0.21
-0.015,-0.23
-0.01,-0.225
0.0,-0.23
0.02,-0.235
0.03,-0.265
0.02,-0.27
0.035,-0.275
0.04,-0.275
0.05,-0.29
0.06,-0.3
0.065,-0.33
0.06,-0.36
0.07,-0.365
0.11,-0.355
0.13,-0.345
0.15,-0.37
0.15,-0.41
0.155,-0.445
0.165,-0.435
0.21,-0.43
0.235,-0.41
0.27,-0.42
0.275,-0.435
0.265,-0.455
0.275,-0.43
0.315,-0.425
0.325,-0.41
0.35,-0.41
0.37,-0.425
0.385,-0.42
0.415,-0.4
0.425,-0.38
0.45,-0.355
0.47,-0.335
0.48,-0.32
0.47,-0.305
0.46,-0.285
0.485,-0.23
0.485,-0.17
0.475,-0.16
0.47,-0.14
0.445,-0.15
0.415,-0.115
0.435,-0.09
0.41,-0.04
0.385,-0.025
0.36,-0.015
0.32,0.0
0.305,0.025
0.285,0.075
0.26,0.09
0.235,0.12
0.19,0.115
0.16,0.11
0.12,0.135
0.135,0.175
0.13,0.19
0.145,0.19
0.12,0.195
0.115,0.185
0.125,0.21
0.15,0.245
0.195,0.275
0.24,0.305
0.275,0.33
0.285,0.325
0.345,0.345
0.42,0.345
0.515,0.355
0.625,0.37
0.7,0.345
0.77,0.34
0.845,0.36
0.945,0.385
1.055,0.385
1.17,0.355
1.325,0.3
1.48,0.24
1.63,0.205
1.765,0.215
1.895,0.195
2.015,0.125
2.125,0.04
2.215,-0.04
2.3,-0.095
2.385,-0.12
2.455,-0.15
2.495,-0.18
2.495,-0.2
2.495,-0.275
2.465,-0.345
2.475,-0.415
2.45,-0.475
2.415,-0.52
2.31,-0.54
2.1,-0.52
1.765,-0.415
1.39,-0.315
0.98,-0.24
0.68,-0.19
0.48,-0.175
0.385,-0.17
0.325,-0.145
0.29,-0.11
0.23,-0.09
0.14,-0.055
0.04,-0.05
-0.05,-0.055
-0.135,-0.03
-0.17,0.01
-0.215,0.045
-0.26,0.055
-0.325,0.075
-0.39,0.11
-0.43,0.135
-0.44,0.18
-0.465,0.21
-0.49,0.21
-0.535,0.2
-0.575,0.205
-0.6,0.21
-0.605,0.25
-0.595,0.275
-0.61,0.285
-0.625,0.265
-0.64,0.245
-0.655,0.255
-0.655,0.275
-0.65,0.285
-0.655,0.275
-0.68,0.27
-0.7,0.25
-0.7,0.26
-0.69,0.285
-0.695,0.3
-0.685,0.28
-0.71,0.27
-0.71,0.255
-0.73,0.27
-0.735,0.31
-0.725,0.345
-0.75,0.35
-0.77,0.34
-0.8,0.315
-0.815,0.33
-0.82,0.34
-0.83,0.38
-0.82,0.375
-0.85,0.38
-0.89,0.375
-0.92,0.385
-0.94,0.41
-0.945,0.43
-0.955,0.435
-0.99,0.44
-1.025,0.44
-1.04,0.46
-1.06,0.485
-1.075,0.515
-1.095,0.505
-1.135,0.505
-1.15,0.5
-1.155,0.5
-1.175,0.535
-1.165,0.54
-1.175,0.555
-1.195,0.565
-1.225,0.555
-1.235,0.56
-1.235,0.585
-1.225,0.595
-1.2,0.575
-1.195,0.565
-1.215,0.55
-1.205,0.56
-1.195,0.56
-1.17,0.56
-1.135,0.55
-1.12,0.535
-1.105,0.51
-1.085,0.51
-1.06,0.5
-1.02,0.51
-0.975,0.475
-0.95,0.44
-0.915,0.415
-0.85,0.395
-0.78,0.375
-0.705,0.36
-0.65,0.335
-0.605,0.305
-0.585,0.27
-0.53,0.25
-0.455,0.26
-0.385,0.26
-0.34,0.235
-0.305,0.205
-0.295,0.185
-0.275,0.175
-0.235,0.17
-0.185,0.19
-0.155,0.185
-0.14,0.155
-0.14,0.155
-0.15,0.155
-0.13,0.165
-0.11,0.16
-0.11,0.145
-0.115,0.13
-0.105,0.11
-0.095,0.11
-0.085,0.145
-0.07,0.135
-0.065,0.13
-0.065,0.11
-0.09,0.1
-0.07,0.095
-0.05,0.105
-0.035,0.13
-0.06,0.115
-0.06,0.1
-0.07,0.095
-0.07,0.1
-0.05,0.115
-0.035,0.12
-0.025,0.12
-0.035,0.1
-0.055,0.095
-0.07,0.095
-0.05,0.1
-0.045,0.115
-0.035,0.11
-0.045,0.095
-0.05,0.09
-0.06,0.095
-0.05,0.115
-0.05,0.125
-0.02,0.12
-0.045,0.11
-0.03,0.11
-0.04,0.11
-0.02,0.115
-0.02,0.125
-0.01,0.12
-0.02,0.095
-0.04,0.09
-0.045,0.1
-0.04,0.11
-0.02,0.14
0.0,0.105
-0.03,0.1
-0.05,0.065
-0.06,0.08
-0.035,0.1
-0.015,0.115
-0.015,0.11
-0.02,0.075
-0.05,0.075
-0.065,0.075
-0.055,0.085
-0.045,0.1
-0.035,0.085
-0.025,0.075
-0.035,0.055
-0.05,0.065
-0.05,0.09
-0.045,0.095
-0.04,0.085
-0.05,0.06
-0.05,0.04
-0.055,0.05
-0.045,0.075
-0.04,0.08
-0.045,0.07
-0.055,0.045
-0.07,0.05
-0.065,0.04
-0.075,0.055
-0.055,0.065
-0.05,0.07
-0.055,0.045
-0.075,0.04
-0.065,0.04
-0.065,0.06
-0.04,0.06
-0.025,0.05
-0.03,0.025
-0.05,0.035
-0.065,0.035
-0.07,0.05
-0.055,0.065
-0.045,0.06
-0.06,0.04
-0.065,0.03
-0.075,0.03
-0.075,0.045
-0.065,0.065
-0.055,0.045
-0.055,0.05
-0.065,0.035
-0.075,0.03
-0.095,0.04
-0.07,0.06
-0.06,0.045
-0.07,0.04
-0.08,0.02
-0.07,0.025
-0.06,0.045
-0.06,0.065
-0.045,0.055
-0.065,0.04
-0.085,0.03
-0.08,0.01
-0.07,0.045
-0.045,0.045
-0.035,0.055
-0.045,0.05
-0.065,0.015
-0.075,0.025
-0.07,0.03
-0.06,0.045
-0.065,0.03
-0.055,0.03
-0.065,0.02
-0.085,0.035
-0.07,0.035
-0.055,0.05
-0.035,0.04
-0.07,0.015
-0.07,0.005
-0.08,0.015
-0.065,0.015
-0.065,0.035
-0.04,0.03
-0.06,0.015
-0.08,0.025
-0.08,0.01
-0.06,0.015
-0.04,0.045
-0.045,0.04
-0.045,0.025
-0.08,0.005
-0.095,0.02
-0.075,0.045
-0.05,0.06
-0.035,0.05
-0.045,0.035
-0.055,0.02
-0.07,0.02
-0.07,0.035
-0.065,0.055
-0.045,0.035
-0.06,0.03
-0.06,0.005
-0.065,0.005
-0.065,0.015
-0.045,0.035
-0.045,0.025
-0.045,0.02
-0.06,0.015
-0.065,0.015
-0.065,0.025
-0.06,0.055
-0.05,0.035
-0.05,0.02
-0.065,0.015
-0.075,0.025
-0.055,0.035
-0.04,0.055
-0.035,0.05
-0.05,0.03
-0.055,0.01
-0.06,0.015
-0.06,0.035
-0.03,0.055
-0.025,0.045
-0.035,0.02
-0.06,0.005
-0.065,0.015
-0.055,0.025
-0.035,0.055
-0.035,0.035
-0.03,0.03
-0.04,0.02
-0.05,0.02
-0.04,0.045
-0.055,0.05
-0.045,0.04
-0.04,0.025
-0.06,0.02
-0.065,0.025
-0.055,0.045
-0.04,0.06
-0.04,0.06
-0.045,0.04
-0.06,0.02
-0.055,0.035
-0.05,0.05
-0.04,0.06
-0.02,0.06
-0.04,0.05
-0.06,0.035
-0.075,0.04
-0.045,0.065
-0.035,0.065
-0.02,0.055
-0.015,0.035
-0.04,0.04
-0.075,0.045
-0.065,0.065
-0.04,0.065
-0.015,0.05
-0.025,0.045
-0.04,0.02
-0.065,0.03
-0.06,0.04
-0.055,0.055
-0.03,0.055
-0.035,0.055
-0.035,0.035
-0.035,0.03
-0.04,0.04
-0.02,0.06
-0.02,0.05
-0.03,0.045
-0.045,0.035
-0.05,0.045
-0.04,0.055
-0.025,0.065
-0.02,0.075
-0.04,0.055
-0.06,0.045
-0.045,0.055
-0.04,0.065
-0.03,0.075
-0.02,0.07
-0.05,0.05
-0.06,0.04
-0.065,0.04
-0.05,0.06
-0.035,0.065
-0.03,0.07
-0.04,0.06
-0.035,0.04
-0.03,0.055
-0.025,0.065
-0.015,0.075
-0.025,0.065
-0.02,0.055
-0.03,0.045
-0.04,0.05
-0.035,0.065
-0.02,0.08
-0.025,0.07
-0.035,0.055
-0.04,0.05
-0.05,0.035
-0.04,0.055
-0.025,0.09
-0.005,0.08
-0.02,0.065
-0.03,0.055
-0.02,0.06
0.0,0.065
0.035,0.08
0.065,0.055
0.06,0.05
0.055,0.045
0.035,0.065
0.025,0.075
0.04,0.105
0.06,0.075
0.075,0.075
0.06,0.05
0.05,0.04
0.05,0.055
0.07,0.075
0.055,0.06
0.06,0.065
0.045,0.03
0.04,0.035
0.035,0.045
0.045,0.06
0.07,0.065
0.075,0.04
0.06,0.045
0.04,0.05
0.05,0.06
0.055,0.065
0.05,0.06
0.035,0.055
0.02,0.015
-0.005,0.03
-0.02,0.055
-0.025,0.07
-0.02,0.05
-0.015,0.03
-0.03,0.025
-0.05,0.025
-0.04,0.03
-0.025,0.035
-0.01,0.04
-0.025,0.02
-0.02,0.03
-0.025,0.04
-0.03,0.05
-0.025,0.07
-0.03,0.06
-0.025,0.055
-0.03,0.03
-0.03,0.05
-0.025,0.065
-0.01,0.085
0.015,0.08
0.0,0.08
-0.025,0.06
-0.04,0.07
-0.04,0.125
-0.02,0.15
0.005,0.165
-0.005,0.16
-0.035,0.14
-0.055,0.135
-0.045,0.12
0.01,0.06
0.08,-0.015
0.155,-0.125
0.23,-0.275
0.325,-0.41
0.42,-0.54
0.545,-0.64
0.675,-0.745
0.785,-0.83
0.91,-0.935
1.085,-0.995
1.295,-1.035
1.5,-1.06
1.705,-1.08
1.9,-1.095
2.04,-1.125
2.135,-1.09
2.19,-1.055
2.185,-1.035
2.13,-1.045
1.925,-1.05
1.645,-1.065
1.335,-1.03
1.06,-0.99
0.825,-0.93
0.645,-0.875
0.545,-0.8
0.47,-0.685
0.46,-0.585
0.445,-0.475
0.4,-0.395
0.355,-0.34
0.3,-0.315
0.235,-0.26
0.195,-0.21
0.18,-0.145
0.195,-0.075
0.18,-0.04
0.125,-0.02
0.075,0.01
0.02,0.025
-0.01,0.065
-0.02,0.1
-0.03,0.13
-0.06,0.15
-0.09,0.16
-0.115,0.24
-0.125,0.25
-0.145,0.31
-0.16,0.32
-0.18,0.32
-0.225,0.295
-0.25,0.33
-0.245,0.355
-0.225,0.38
-0.235,0.395
-0.235,0.375
-0.255,0.365
-0.27,0.385
-0.285,0.39
-0.27,0.42
-0.26,0.415
-0.27,0.41
-0.29,0.405
-0.31,0.41
-0.295,0.45
-0.295,0.45
-0.265,0.46
-0.255,0.455
-0.285,0.455
-0.3,0.47
-0.3,0.5
-0.31,0.52
-0.29,0.535
-0.315,0.525
-0.31,0.53
-0.315,0.53
-0.305,0.555
-0.285,0.6
-0.31,0.615
-0.325,0.595
-0.345,0.595
-0.355,0.63
-0.355,0.65
-0.345,0.675
-0.335,0.665
-0.335,0.665
-0.36,0.655
-0.375,0.665
-0.375,0.68
-0.36,0.72
-0.37,0.715
-0.365,0.735
-0.375,0.735
-0.39,0.74
-0.405,0.765
-0.415,0.775
-0.41,0.795
-0.4,0.785
-0.41,0.79
-0.41,0.795
-0.435,0.805
-0.425,0.825
-0.44,0.82
-0.44,0.8
-0.46,0.785
-0.465,0.78
-0.46,0.78
-0.44,0.795
-0.42,0.795
-0.42,0.765
-0.435,0.745
-0.465,0.745
-0.45,0.75
-0.435,0.735
-0.405,0.725
-0.41,0.695
-0.41,0.665
-0.395,0.64
-0.385,0.635
-0.365,0.615
-0.335,0.585
-0.345,0.535
-0.315,0.5
-0.3,0.49
-0.26,0.485
-0.23,0.475
-0.195,0.455
-0.19,0.42
-0.19,0.395
-0.175,0.38
-0.165,0.36
-0.145,0.35
-0.105,0.335
-0.09,0.29
-0.085,0.26
-0.085,0.25
-0.06,0.25
-0.035,0.255
-0.015,0.225
-0.005,0.19
0.01,0.175
0.01,0.165
0.035,0.16
0.04,0.17
0.055,0.165
0.04,0.15
0.05,0.135
0.05,0.12
0.07,0.125
0.085,0.14
0.095,0.13
0.07,0.115
0.06,0.1
0.05,0.115
0.05,0.11
0.055,0.135
0.06,0.135
0.06,0.125
0.035,0.115
0.02,0.105
0.015,0.125
0.025,0.14
0.025,0.145
0.01,0.125
-0.015,0.11
-0.015,0.12
-0.005,0.165
0.015,0.17
0.025,0.175
0.02,0.16
-0.005,0.14
-0.015,0.135
-0.005,0.14
-0.005,0.16
0.0,0.16
0.0,0.165
-0.01,0.145
-0.005,0.155
-0.02,0.15
-0.005,0.175
-0.015,0.155
-0.015,0.15
-0.025,0.145
-0.03,0.14
-0.025,0.175
-0.01,0.18
0.005,0.18
0.0,0.165
-0.02,0.15
-0.03,0.16
-0.02,0.155
-0.015,0.18
-0.02,0.16
-0.03,0.165
-0.025,0.135
-0.02,0.14
0.0,0.15
0.015,0.17
0.005,0.16
-0.015,0.145
-0.035,0.135
-0.05,0.125
-0.035,0.145
-0.005,0.17
0.0,0.155
-0.005,0.12
-0.025,0.1
-0.025,0.1
-0.03,0.125
-0.015,0.14
-0.015,0.115
-0.025,0.09
-0.045,0.09
-0.045,0.105
-0.01,0.12
-0.005,0.125
0.02,0.115
0.005,0.085
-0.005,0.08
-0.015,0.08
-0.02,0.105
-0.005,0.105
0.015,0.11
0.015,0.085
-0.005,0.07
-0.015,0.085
0.005,0.095
0.025,0.105
0.03,0.105
0.04,0.105
0.035,0.095
0.0,0.1
0.01,0.115
0.02,0.135
0.015,0.105
0.02,0.08
0.01,0.07
0.03,0.08
0.03,0.085
0.06,0.095
0.06,0.08
0.06,0.085
0.025,0.055
0.005,0.05
0.01,0.05
0.03,0.06
0.05,0.055
0.05,0.05
0.02,0.045
0.02,0.045
0.02,0.055
0.025,0.085
0.035,0.065
0.02,0.045
-0.01,0.04
-0.025,0.035
-0.02,0.045
-0.015,0.06
-0.015,0.045
-0.03,0.045
-0.065,0.03
-0.08,0.025
-0.075,0.025
-0.05,0.04
-0.025,0.04
-0.025,0.025
-0.055,0.01
-0.07,0.025
-0.065,0.04
-0.075,0.065
-0.065,0.055
-0.06,0.035
-0.07,0.04
-0.075,0.04
-0.07,0.045
-0.055,0.04
-0.045,0.035
-0.04,0.025
-0.05,0.02
-0.065,0.025
-0.07,0.04
-0.07,0.055
-0.05,0.05
-0.055,0.045
-0.055,0.015
-0.06,0.035
-0.06,0.08
-0.045,0.12
-0.035,0.13
-0.055,0.115
-0.065,0.1
-0.05,0.06
0.025,0.01
0.125,-0.06
0.265,-0.135
0.38,-0.245
0.47,-0.35
0.535,-0.43
0.635,-0.48
0.755,-0.54
0.865,-0.59
0.95,-0.67
1.02,-0.75
1.125,-0.82
1.275,-0.865
1.445,-0.91
1.655,-0.945
1.86,-0.96
2.025,-1.005
2.14,-1.025
2.18,-1.035
2.16,-1.025
2.09,-1.035
1.9,-1.065
1.595,-1.08
1.18,-1.075
0.84,-1.02
0.57,-0.975
0.405,-0.935
0.3,-0.905
0.245,-0.865
0.255,-0.82
0.275,-0.745
0.285,-0.63
0.32,-0.545
0.295,-0.49
0.255,-0.435
0.205,-0.365
0.16,-0.31
0.135,-0.25
0.11,-0.205
0.09,-0.17
0.06,-0.155
0.025,-0.12
0.02,-0.04
0.01,0.01
-0.025,0.03
-0.05,0.065
-0.095,0.085
-0.13,0.11
-0.14,0.155
-0.145,0.19
-0.165,0.21
-0.185,0.22
-0.21,0.22
-0.25,0.225
-0.25,0.255
-0.24,0.3
-0.23,0.29
-0.245,0.285
-0.25,0.28
-0.275,0.285
-0.28,0.305
-0.265,0.33
-0.26,0.345
-0.265,0.325
-0.275,0.33
-0.275,0.33
-0.265,0.35
-0.27,0.375
-0.255,0.38
-0.275,0.36
-0.29,0.35
-0.305,0.355
-0.305,0.38
-0.285,0.405
-0.27,0.405
-0.275,0.415
-0.28,0.41
-0.285,0.415
-0.29,0.45
-0.295,0.465
-0.28,0.465
-0.29,0.47
-0.315,0.46
-0.32,0.475
-0.31,0.51
-0.29,0.525
-0.305,0.545
-0.3,0.54
-0.325,0.525
-0.345,0.55
-0.335,0.59
-0.34,0.6
-0.33,0.615
-0.335,0.625
-0.34,0.62
-0.365,0.625
-0.36,0.655
-0.35,0.675
-0.345,0.69
-0.355,0.68
-0.375,0.68
-0.39,0.7
-0.39,0.72
-0.375,0.755
-0.37,0.75
-0.38,0.74
-0.415,0.74
-0.43,0.755
-0.41,0.765
-0.41,0.77
-0.405,0.77
-0.405,0.755
-0.42,0.76
-0.435,0.76
-0.445,0.76
-0.43,0.76
-0.415,0.74
-0.415,0.74
-0.42,0.715
-0.435,0.69
-0.435,0.68
-0.43,0.675
-0.39,0.665
-0.405,0.64
-0.41,0.595
-0.39,0.55
-0.37,0.545
-0.345,0.525
-0.325,0.49
-0.315,0.445
-0.32,0.425
-0.31,0.39
-0.29,0.38
-0.255,0.36
-0.21,0.32
-0.195,0.28
-0.21,0.255
-0.205,0.24
-0.185,0.215
-0.145,0.21
-0.115,0.21
-0.115,0.175
-0.115,0.145
-0.125,0.12
-0.1,0.115
-0.07,0.11
-0.06,0.095
-0.07,0.055
-0.08,0.04
-0.075,0.045
-0.06,0.055
-0.045,0.05
-0.035,0.045
-0.045,0.035
-0.065,0.0
-0.07,0.01
-0.06,0.02
-0.05,0.03
-0.02,0.04
-0.025,0.025
-0.04,0.01
-0.045,0.01
-0.045,0.035
-0.015,0.07
-0.005,0.07
0.04,0.07
0.095,0.095
0.145,0.105
0.265,0.165
0.39,0.235
0.555,0.275
0.71,0.34
0.855,0.39
1.02,0.44
1.205,0.51
1.37,0.6
1.53,0.67
1.65,0.735
1.73,0.77
1.81,0.825
1.85,0.855
1.82,0.905
1.675,0.925
1.415,0.935
1.06,0.98
0.68,1.015
0.24,1.03
-0.23,1.065
-0.68,1.045
-1.025,0.995
-1.27,0.95
-1.44,0.915
-1.585,0.9
-1.735,0.865
-1.855,0.83
-1.95,0.76
-2.025,0.72
-2.05,0.685
-2.045,0.675
-2.045,0.68
-2.05,0.66
-2.04,0.635
-2.045,0.63
-2.045,0.615
-2.02,0.635
-1.965,0.65
-1.92,0.605
-1.885,0.57
-1.84,0.495
-1.775,0.455
-1.655,0.46
-1.515,0.47
-1.365,0.49
-1.24,0.48
-1.11,0.48
-1.015,0.49
-0.915,0.495
-0.83,0.505
-0.775,0.495
-0.745,0.445
-0.725,0.405
-0.705,0.39
-0.68,0.395
-0.645,0.365
-0.605,0.315
-0.565,0.24
-0.525,0.145
-0.49,0.08
-0.415,0.04
-0.33,0.015
-0.235,-0.035
-0.2,-0.07
-0.165,-0.12
-0.145,-0.155
-0.085,-0.205
-0.025,-0.22
0.045,-0.25
0.09,-0.29
0.115,-0.345
0.135,-0.365
0.155,-0.37
0.185,-0.38
0.2,-0.405
0.215,-0.445
0.22,-0.47
0.235,-0.495
0.255,-0.5
0.28,-0.49
0.32,-0.515
0.355,-0.565
0.375,-0.585
0.405,-0.605
0.45,-0.63
0.49,-0.62
0.535,-0.65
0.555,-0.66
0.57,-0.715
0.605,-0.72
0.65,-0.71
0.69,-0.715
0.73,-0.72
0.735,-0.74
0.74,-0.775
0.76,-0.78
0.79,-0.77
0.835,-0.78
0.895,-0.805
0.92,-0.815
0.93,-0.855
0.96,-0.855
1.0,-0.845
1.045,-0.83
1.095,-0.85
1.12,-0.86
1.13,-0.875
1.14,-0.875
1.17,-0.855
1.21,-0.83
1.26,-0.83
1.275,-0.835
1.275,-0.84
1.285,-0.835
1.305,-0.815
1.335,-0.8
1.35,-0.765
1.35,-0.77
1.34,-0.775
1.33,-0.755
1.345,-0.73
1.355,-0.7
1.36,-0.67
1.365,-0.675
1.335,-0.665
1.305,-0.63
1.285,-0.61
1.275,-0.565
1.27,-0.545
1.215,-0.545
1.19,-0.56
1.15,-0.535
1.13,-0.51
1.11,-0.475
1.09,-0.455
1.05,-0.44
1.025,-0.43
0.985,-0.4
0.965,-0.38
0.93,-0.325
0.9,-0.315
0.845,-0.295
0.775,-0.28
0.72,-0.25
0.665,-0.225
0.635,-0.18
0.595,-0.175
0.565,-0.145
0.515,-0.16
0.44,-0.125
0.4,-0.125
0.365,-0.09
0.335,-0.075
0.3,-0.085
0.275,-0.065
0.24,-0.065
0.22,-0.05
0.21,-0.035
0.205,-0.02
0.17,-0.05
0.13,-0.04
0.095,-0.04
0.065,-0.01
0.075,-0.01
0.07,-0.015
0.035,-0.015
0.01,-0.04
-0.025,-0.03
-0.03,-0.03
-0.045,0.0
-0.025,-0.01
-0.04,-0.02
-0.045,-0.02
-0.085,-0.02
-0.09,-0.02
-0.075,0.0
-0.085,0.0
-0.08,-0.025
-0.085,-0.035
-0.105,-0.03
-0.09,-0.005
-0.09,-0.005
-0.09,0.0
-0.105,-0.015
-0.12,-0.03
-0.135,-0.05
-0.13,-0.015
-0.11,0.0
-0.105,0.01
-0.115,-0.02
-0.15,-0.015
-0.17,-0.03
-0.165,-0.035
-0.14,-0.015
-0.12,-0.015
-0.12,-0.025
-0.14,-0.03
-0.16,-0.03
-0.155,-0.015
-0.145,-0.005
-0.15,-0.005
-0.15,-0.015
-0.16,-0.03
-0.165,-0.035
-0.175,-0.03
-0.16,-0.01
-0.145,0.0
-0.175,-0.015
-0.205,-0.03
-0.21,-0.025
-0.21,-0.025
-0.185,-0.01
-0.165,-0.01
-0.18,-0.03
-0.185,-0.04
-0.21,-0.04
-0.21,-0.03
-0.21,0.0
-0.2,-0.005
-0.19,-0.02
-0.22,-0.03
-0.22,-0.05
-0.205,-0.04
-0.21,-0.02
-0.21,-0.025
-0.215,-0.03
-0.22,-0.04
-0.225,-0.045
-0.225,-0.035
-0.21,-0.015
-0.21,-0.025
-0.22,-0.03
-0.225,-0.04
-0.23,-0.045
-0.235,-0.045
-0.205,-0.03
-0.205,-0.025
-0.215,-0.015
-0.24,-0.03
-0.25,-0.05
-0.25,-0.02
-0.235,-0.005
-0.225,-0.02
-0.21,-0.03
-0.235,-0.035
-0.245,-0.04
-0.245,-0.035
-0.25,-0.025
-0.24,-0.02
-0.235,-0.025
-0.23,-0.05
-0.255,-0.035
-0.25,-0.01
-0.245,-0.005
-0.235,0.005
-0.25,-0.015
-0.25,-0.025
-0.26,-0.035
-0.25,-0.02
-0.245,-0.01
-0.225,-0.01
-0.225,-0.01
-0.255,-0.025
-0.265,-0.035
-0.265,-0.015
-0.255,-0.025
-0.235,-0.02
-0.235,-0.015
-0.24,-0.035
-0.255,-0.04
-0.27,-0.025
-0.255,0.0
-0.235,-0.015
-0.245,-0.015
-0.245,-0.05
-0.275,-0.05
-0.275,-0.03
-0.25,-0.025
-0.245,-0.015
-0.25,-0.03
-0.255,-0.045
-0.26,-0.035
-0.255,-0.03
-0.24,-0.01
-0.22,-0.01
-0.24,-0.03
-0.265,-0.045
-0.265,-0.025
-0.27,-0.04
-0.265,-0.005
-0.225,-0.005
-0.24,-0.01
-0.265,-0.025
-0.27,-0.045
-0.26,-0.015
-0.25,0.0
-0.23,0.0
-0.235,-0.01
-0.23,-0.015
-0.25,-0.02
-0.245,-0.025
-0.235,-0.01
-0.23,-0.015
-0.26,-0.01
-0.245,-0.025
-0.255,-0.02
-0.255,-0.02
-0.25,-0.015
-0.24,0.005
-0.24,-0.025
-0.24,-0.025
-0.245,-0.025
-0.25,-0.04
-0.25,-0.02
-0.25,0.005
-0.25,-0.01
-0.26,-0.015
-0.265,-0.03
-0.245,-0.03
-0.235,0.0
-0.235,0.0
-0.245,-0.025
-0.245,-0.03
-0.275,-0.03
-0.27,-0.015
-0.235,-0.005
-0.22,0.0
-0.235,-0.01
-0.245,-0.02
-0.265,-0.015
-0.26,-0.02
-0.23,0.0
-0.21,-0.01
-0.2,-0.03
-0.245,-0.025
-0.245,-0.025
-0.255,-0.02
-0.235,0.0
-0.215,0.005
-0.215,0.0
-0.24,-0.02
-0.26,-0.02
-0.24,0.0
-0.225,0.0
-0.21,0.02
-0.22,0.0
-0.215,-0.005
-0.23,-0.025
-0.235,-0.015
-0.2,-0.015
-0.18,-0.02
-0.175,-0.04
-0.155,-0.035
-0.16,-0.04
-0.16,-0.03
-0.15,-0.005
-0.13,0.0
-0.145,-0.01
-0.155,-0.02
-0.155,-0.02
-0.16,0.005
-0.135,0.005
-0.11,-0.01
-0.13,-0.025
-0.14,-0.03
-0.17,-0.045
-0.15,-0.02
-0.13,-0.01
-0.13,0.005
-0.145,-0.01
-0.145,-0.035
-0.18,-0.03
-0.17,-0.02
-0.16,-0.01
-0.17,0.015
-0.18,-0.01
-0.2,-0.01
-0.22,-0.015
-0.225,-0.025
-0.23,-0.005
-0.22,-0.01
-0.225,0.0
-0.24,-0.025
-0.25,-0.035
-0.255,-0.02
-0.235,0.01
-0.215,0.02
-0.23,0.005
-0.23,-0.015
-0.23,-0.015
-0.245,0.01
-0.235,0.03
-0.215,0.045
-0.22,0.01
-0.22,-0.005
-0.24,0.0
-0.24,0.02
-0.23,0.03
-0.2,0.065
-0.205,0.085
-0.225,0.08
-0.235,0.065
-0.27,0.055
-0.255,0.025
-0.2,-0.065
-0.14,-0.18
-0.03,-0.34
0.095,-0.505
0.215,-0.66
0.345,-0.78
0.49,-0.92
0.63,-1.03
0.77,-1.135
0.98,-1.205
1.23,-1.23
1.485,-1.25
1.71,-1.245
1.91,-1.24
2.055,-1.22
2.15,-1.165
2.16,-1.105
2.16,-1.065
2.09,-1.03
1.88,-1.01
1.5,-0.97
1.065,-0.905
0.74,-0.835
0.55,-0.765
0.48,-0.67
0.42,-0.585
0.355,-0.505
0.28,-0.425
0.22,-0.35
0.17,-0.285
0.135,-0.245
0.08,-0.21
0.03,-0.165
-0.01,-0.145
-0.045,-0.085
-0.06,-0.02
-0.085,0.025
-0.125,0.075
-0.165,0.09
-0.215,0.155
-0.265,0.21
-0.29,0.26
-0.315,0.295
-0.355,0.3
-0.38,0.31
-0.41,0.325
-0.415,0.335
-0.41,0.36
-0.415,0.375
-0.425,0.365
-0.435,0.365
-0.455,0.375
-0.46,0.405
-0.435,0.42
-0.43,0.44
-0.42,0.435
-0.445,0.425
-0.47,0.42
-0.47,0.45
-0.465,0.515
-0.45,0.5
-0.46,0.5
-0.465,0.495
-0.49,0.5
-0.485,0.525
-0.47,0.55
-0.46,0.565
-0.47,0.57
-0.5,0.57
-0.505,0.595
-0.515,0.61
-0.5,0.645
-0.475,0.645
-0.485,0.65
-0.5,0.655
-0.51,0.685
-0.53,0.705
-0.525,0.74
-0.525,0.755
-0.54,0.75
-0.555,0.76
-0.57,0.76
-0.57,0.79
-0.565,0.825
-0.565,0.83
-0.59,0.84
-0.625,0.82
-0.635,0.83
-0.62,0.85
-0.615,0.86
-0.605,0.855
-0.62,0.86
-0.63,0.85
-0.655,0.85
-0.675,0.845
-0.655,0.87
-0.65,0.875
-0.655,0.855
-0.645,0.825
-0.655,0.805
-0.665,0.795
-0.655,0.81
-0.655,0.765
-0.63,0.735
-0.62,0.7
-0.62,0.675
-0.62,0.645
-0.605,0.64
-0.58,0.64
-0.585,0.605
-0.56,0.575
-0.54,0.54
-0.525,0.53
-0.475,0.49
-0.435,0.44
-0.425,0.42
-0.395,0.37
-0.385,0.345
-0.345,0.325
-0.315,0.33
-0.265,0.305
-0.26,0.285
-0.26,0.24
-0.245,0.22
-0.235,0.21
-0.215,0.21
-0.175,0.2
-0.175,0.175
-0.17,0.155
-0.2,0.15
-0.19,0.145
-0.165,0.15
-0.15,0.15
-0.145,0.14
-0.15,0.125
-0.165,0.115
-0.185,0.12
-0.175,0.13
-0.16,0.135
-0.14,0.13
-0.145,0.125
-0.165,0.105
-0.18,0.11
-0.195,0.145
-0.195,0.14
-0.195,0.135
-0.2,0.11
-0.195,0.1
-0.2,0.11
-0.17,0.14
-0.16,0.15
-0.18,0.16
-0.21,0.125
-0.215,0.135
-0.2,0.14
-0.185,0.155
-0.175,0.15
-0.18,0.15
-0.205,0.13
-0.21,0.13
-0.21,0.14
-0.205,0.16
-0.21,0.165
-0.235,0.17
-0.235,0.14
-0.25,0.125
-0.235,0.155
-0.225,0.165
-0.205,0.175
-0.2,0.16
-0.225,0.135
-0.235,0.145
-0.245,0.145
-0.22,0.17
-0.195,0.175
-0.185,0.155
-0.185,0.14
-0.23,0.125
-0.235,0.12
-0.215,0.14
-0.195,0.15
-0.185,0.14
-0.185,0.14
-0.215,0.135
-0.195,0.13
-0.18,0.145
-0.175,0.15
-0.195,0.135
-0.195,0.125
-0.2,0.105
-0.195,0.125
-0.185,0.13
-0.155,0.13
-0.145,0.105
-0.13,0.095
-0.125,0.105
-0.14,0.13
-0.12,0.14
-0.12,0.145
-0.115,0.125
-0.15,0.11
-0.15,0.095
-0.135,0.095
-0.115,0.1
-0.11,0.11
-0.115,0.085
-0.125,0.075
-0.12,0.07
-0.11,0.06
-0.095,0.07
-0.09,0.07
-0.115,0.06
-0.115,0.05
-0.135,0.05
-0.15,0.06
-0.135,0.05
-0.13,0.075
-0.14,0.06
-0.15,0.045
-0.16,0.025
-0.18,0.035
-0.185,0.06
-0.18,0.05
-0.19,0.02
-0.21,0.02
-0.21,0.02
-0.21,0.03
-0.19,0.055
-0.18,0.055
-0.18,0.06
-0.195,0.045
-0.22,0.02
-0.23,0.025
-0.215,0.05
-0.205,0.06
-0.19,0.025
-0.2,0.025
-0.205,0.045
-0.2,0.06
-0.19,0.07
-0.19,0.07
-0.18,0.06
-0.19,0.05
-0.195,0.06
-0.2,0.1
-0.175,0.135
-0.18,0.145
-0.18,0.12
-0.18,0.095
-0.13,0.035
-0.01,-0.01
0.14,-0.075
0.245,-0.14
0.32,-0.255
0.405,-0.37
0.515,-0.505
0.66,-0.635
0.835,-0.73
1.07,-0.79
1.305,-0.875
1.54,-0.93
1.79,-0.96
2.01,-0.985
2.14,-0.98
2.145,-0.995
2.045,-1.02
1.79,-1.04
1.4,-1.035
0.965,-1.01
0.595,-0.975
0.335,-0.91
0.22,-0.86
0.145,-0.825
0.125,-0.77
0.13,-0.645
0.155,-0.55
0.155,-0.445
0.125,-0.38
0.08,-0.34
0.045,-0.3
0.02,-0.225
0.0,-0.155
-0.01,-0.115
-0.05,-0.065
-0.08,-0.025
-0.115,0.005
-0.135,0.05
-0.17,0.08
-0.185,0.13
-0.205,0.14
-0.235,0.155
-0.265,0.175
-0.27,0.225
-0.28,0.26
-0.285,0.305
-0.295,0.295
-0.32,0.295
-0.335,0.305
-0.375,0.33
-0.345,0.35
-0.335,0.375
-0.325,0.365
-0.34,0.36
-0.36,0.375
-0.36,0.39
-0.355,0.405
-0.35,0.4
-0.355,0.39
-0.355,0.37
-0.375,0.375
-0.34,0.41
-0.315,0.45
-0.305,0.48
-0.33,0.47
-0.38,0.465
-0.385,0.47
-0.375,0.475
-0.365,0.51
-0.345,0.535
-0.365,0.555
-0.39,0.54
-0.405,0.56
-0.405,0.575
-0.38,0.61
-0.37,0.615
-0.38,0.63
-0.38,0.63
-0.42,0.64
-0.42,0.665
-0.405,0.69
-0.385,0.71
-0.385,0.71
-0.39,0.73
-0.42,0.735
-0.44,0.76
-0.445,0.78
-0.435,0.805
-0.43,0.81
-0.435,0.81
-0.445,0.795
-0.46,0.805
-0.48,0.835
-0.475,0.835
-0.455,0.83
-0.46,0.83
-0.475,0.81
-0.465,0.805
-0.44,0.825
-0.435,0.815
-0.425,0.79
-0.455,0.765
-0.46,0.74
-0.44,0.72
-0.425,0.71
-0.4,0.695
-0.415,0.645
-0.42,0.62
-0.42,0.585
-0.395,0.565
-0.35,0.55
-0.31,0.515
-0.305,0.485
-0.29,0.455
-0.295,0.41
-0.28,0.38
-0.26,0.38
-0.235,0.355
-0.225,0.325
-0.205,0.295
-0.195,0.245
-0.195,0.23
-0.17,0.255
-0.14,0.235
-0.14,0.18
-0.125,0.16
-0.145,0.145
-0.14,0.135
-0.15,0.14
-0.125,0.15
-0.12,0.14
-0.115,0.11
-0.12,0.095
-0.115,0.105
-0.105,0.135
-0.09,0.145
-0.105,0.125
-0.11,0.115
-0.105,0.125
-0.1,0.13
-0.07,0.165
-0.025,0.185
0.015,0.19
0.1,0.195
0.185,0.23
0.335,0.29
0.495,0.35
0.665,0.41
0.835,0.46
1.0,0.5
1.15,0.55
1.305,0.6
1.475,0.67
1.62,0.72
1.73,0.785
1.785,0.825
1.765,0.87
1.68,0.935
1.445,1.0
1.075,1.055
0.62,1.08
0.12,1.08
-0.38,1.07
-0.83,1.04
-1.14,1.015
-1.325,0.995
-1.46,0.97
-1.595,0.945
-1.765,0.915
-1.89,0.905
-1.975,0.865
-2.005,0.82
-2.035,0.79
-2.07,0.755
-2.1,0.725
-2.13,0.75
-2.105,0.76
-2.06,0.765
-2.04,0.735
-2.03,0.68
-2.01,0.615
-1.9,0.59
-1.74,0.57
-1.565,0.585
-1.4,0.565
-1.255,0.57
-1.15,0.57
-1.045,0.6
-0.95,0.645
-0.875,0.68
-0.825,0.695
-0.805,0.66
-0.79,0.615
-0.775,0.585
-0.71,0.54
-0.655,0.465
-0.575,0.37
-0.52,0.27
-0.445,0.195
-0.36,0.15
-0.265,0.125
-0.2,0.07
-0.14,0.015
-0.12,-0.03
-0.095,-0.075
-0.06,-0.095
-0.01,-0.125
0.025,-0.135
0.03,-0.17
0.06,-0.21
0.065,-0.25
0.105,-0.29
0.13,-0.295
0.145,-0.31
0.135,-0.35
0.17,-0.39
0.2,-0.43
0.255,-0.445
0.28,-0.455
0.335,-0.46
0.37,-0.505
0.405,-0.545
0.425,-0.56
0.445,-0.565
0.48,-0.545
0.515,-0.545
0.54,-0.595
0.575,-0.62
0.6,-0.66
0.645,-0.665
0.66,-0.655
0.73,-0.645
0.76,-0.67
0.805,-0.7
0.835,-0.72
0.86,-0.72
0.925,-0.71
0.97,-0.68
0.98,-0.71
0.98,-0.7
1.005,-0.715
1.03,-0.715
1.085,-0.695
1.12,-0.68
1.16,-0.685
1.175,-0.695
1.17,-0.69
1.19,-0.66
1.22,-0.645
1.26,-0.61
1.27,-0.605
1.25,-0.61
1.23,-0.605
1.22,-0.575
1.24,-0.55
1.23,-0.525
1.23,-0.535
1.205,-0.525
1.17,-0.51
1.145,-0.475
1.12,-0.415
1.09,-0.385
1.04,-0.37
0.995,-0.36
0.945,-0.345
0.89,-0.31
0.85,-0.275
0.825,-0.24
0.775,-0.215
0.715,-0.195
0.645,-0.195
0.615,-0.15
0.57,-0.115
0.55,-0.085
0.495,-0.1
0.44,-0.08
0.385,-0.075
0.36,-0.055
0.33,-0.015
0.295,0.01
0.27,0.02
0.215,0.0
0.16,0.005
0.14,0.02
0.12,0.04
0.115,0.055
0.09,0.05
0.045,0.04
-0.005,0.04
-0.035,0.065
-0.025,0.055
-0.025,0.055
-0.04,0.05
-0.035,0.04
-0.07,0.03
-0.085,0.055
-0.085,0.065
-0.11,0.085
-0.095,0.075
-0.105,0.05
-0.125,0.055
-0.13,0.055
-0.135,0.065
-0.11,0.085
-0.125,0.08
-0.13,0.07
-0.135,0.055
-0.16,0.065
-0.16,0.07
-0.15,0.095
-0.16,0.09
-0.15,0.065
-0.175,0.055
-0.17,0.06
-0.15,0.08
-0.145,0.075
-0.15,0.07
-0.17,0.045
-0.2,0.045
-0.205,0.065
-0.17,0.07
-0.15,0.075
-0.16,0.06
-0.175,0.035
-0.19,0.04
-0.21,0.035
-0.205,0.06
-0.19,0.065
-0.18,0.07
-0.19,0.05
-0.205,0.055
-0.22,0.045
-0.205,0.05
-0.2,0.06
-0.195,0.04
-0.22,0.03
-0.215,0.035
-0.215,0.045
-0.21,0.045
-0.205,0.065
-0.22,0.035
-0.225,0.035
-0.245,0.015
-0.215,0.04
-0.21,0.045
-0.21,0.065
-0.23,0.04
-0.24,0.025
-0.25,0.01
-0.235,0.015
-0.22,0.04
-0.205,0.05
-0.21,0.035
-0.23,0.025
-0.24,0.015
-0.24,0.02
-0.235,0.035
-0.22,0.045
-0.215,0.04
-0.225,0.015
-0.235,-0.005
-0.245,0.01
-0.24,0.035
-0.24,0.045
-0.24,0.035
-0.245,0.02
-0.255,-0.005
-0.255,0.0
-0.24,0.015
-0.23,0.035
-0.235,0.03
-0.235,0.02
-0.255,0.005
-0.25,0.015
-0.245,0.03
-0.225,0.035
-0.24,0.025
-0.25,0.02
-0.265,-0.005
-0.26,0.01
-0.255,0.035
-0.23,0.04
-0.225,0.025
-0.24,0.02
-0.265,-0.015
-0.27,0.005
-0.275,0.015
-0.25,0.025
-0.24,0.025
-0.255,0.015
-0.255,0.0
-0.25,0.01
-0.24,0.035
-0.235,0.03
-0.235,0.01
-0.24,0.005
-0.26,0.01
-0.245,0.0
-0.25,0.03
-0.24,0.035
-0.24,0.02
-0.25,0.01
-0.265,-0.005
-0.255,0.005
-0.24,0.01
-0.23,0.04
-0.22,0.02
-0.22,0.015
-0.245,-0.005
-0.25,0.005
-0.25,0.02
-0.245,0.03
-0.23,0.01
-0.235,0.01
-0.24,0.0
-0.25,0.015
-0.235,0.025
-0.235,0.03
-0.24,0.03
-0.24,0.005
-0.25,0.0
-0.255,0.0
-0.255,0.015
-0.24,0.035
-0.24,0.005
-0.255,0.01
-0.26,0.005
-0.255,0.01
-0.235,0.015
-0.2,0.025
-0.23,0.02
-0.235,0.02
-0.255,0.0
-0.25,0.005
-0.24,0.025
-0.235,0.04
-0.22,0.045
-0.24,0.02
-0.23,-0.005
-0.235,0.015
-0.23,0.02
-0.225,0.03
-0.22,0.03
-0.22,0.015
-0.23,0.015
-0.225,0.02
-0.225,0.03
-0.23,0.025
-0.225,0.03
-0.23,0.01
-0.24,0.0
-0.235,0.015
-0.215,0.02
-0.185,0.035
-0.21,0.02
-0.23,0.015
-0.24,0.0
-0.235,0.0
-0.21,0.02
-0.185,0.035
-0.195,0.035
-0.2,0.015
-0.205,-0.01
-0.2,-0.01
-0.18,0.0
-0.14,0.015
-0.135,0.01
-0.135,0.005
-0.135,-0.01
-0.135,-0.01
-0.145,0.015
-0.12,0.015
-0.115,-0.005
-0.115,-0.01
-0.105,-0.02
-0.12,-0.01
-0.095,0.005
-0.1,0.02
-0.115,0.005
-0.11,-0.015
-0.13,-0.02
-0.135,-0.03
-0.12,0.015
-0.12,0.025
-0.13,0.015
-0.135,0.005
-0.16,0.005
-0.16,0.01
-0.165,0.015
-0.15,0.01
-0.16,0.03
-0.185,0.01
-0.215,-0.005
-0.225,0.01
-0.225,0.005
-0.2,0.025
-0.19,-0.005
-0.215,-0.015
-0.22,-0.025
-0.21,-0.005
-0.2,0.02
-0.185,0.045
-0.21,0.02
-0.205,-0.005
-0.205,-0.02
-0.215,0.0
-0.215,0.015
-0.2,0.04
-0.19,0.02
-0.2,0.01
-0.205,-0.005
-0.2,0.005
-0.19,0.025
-0.19,0.045
-0.195,0.055
-0.195,0.065
-0.215,0.07
-0.21,0.05
-0.195,0.015
-0.135,-0.035
-0.01,-0.13
0.095,-0.265
0.17,-0.39
0.22,-0.53
0.29,-0.665
0.375,-0.795
0.5,-0.92
0.675,-1.04
0.89,-1.11
1.16,-1.14
1.43,-1.145
1.685,-1.095
1.91,-1.065
2.075,-1.045
2.14,-1.035
2.135,-1.005
2.02,-0.995
1.75,-0.965
1.34,-0.94
0.92,-0.925
0.62,-0.905
0.49,-0.855
0.43,-0.79
0.41,-0.715
0.385,-0.635
0.345,-0.57
0.3,-0.49
0.26,-0.425
0.225,-0.365
0.19,-0.295
0.13,-0.255
0.085,-0.22
0.025,-0.18
0.0,-0.105
-0.015,-0.06
-0.045,-0.01
-0.085,0.02
-0.13,0.04
-0.17,0.065
-0.185,0.115
-0.2,0.15
-0.195,0.18
-0.22,0.21
-0.265,0.22
-0.3,0.215
-0.325,0.255
-0.33,0.27
-0.34,0.32
-0.33,0.31
-0.34,0.305
-0.365,0.305
-0.375,0.315
-0.395,0.34
-0.37,0.36
-0.36,0.37
-0.365,0.355
-0.38,0.355
-0.395,0.365
-0.405,0.375
-0.39,0.395
-0.39,0.39
-0.415,0.385
-0.405,0.39
-0.41,0.405
-0.385,0.43
-0.38,0.445
-0.39,0.465
-0.395,0.455
-0.41,0.45
-0.43,0.45
-0.425,0.495
-0.415,0.52
-0.405,0.54
-0.415,0.525
-0.43,0.52
-0.445,0.55
-0.44,0.57
-0.43,0.58
-0.43,0.585
-0.46,0.59
-0.485,0.595
-0.49,0.63
-0.49,0.66
-0.455,0.685
-0.46,0.685
-0.475,0.68
-0.49,0.685
-0.51,0.695
-0.51,0.735
-0.5,0.755
-0.51,0.755
-0.525,0.75
-0.545,0.735
-0.535,0.76
-0.545,0.77
-0.53,0.785
-0.545,0.79
-0.555,0.765
-0.585,0.77
-0.605,0.765
-0.575,0.775
-0.565,0.79
-0.555,0.775
-0.56,0.75
-0.565,0.72
-0.58,0.71
-0.59,0.705
-0.555,0.7
-0.55,0.675
-0.545,0.65
-0.55,0.605
-0.555,0.605
-0.53,0.585
-0.49,0.57
-0.47,0.525
-0.465,0.51
-0.465,0.475
-0.445,0.46
-0.425,0.465
-0.395,0.46
-0.38,0.42
-0.38,0.375
-0.37,0.365
-0.345,0.34
-0.32,0.325
-0.29,0.315
-0.255,0.285
-0.235,0.245
-0.23,0.22
-0.22,0.21
-0.19,0.205
-0.185,0.195
-0.16,0.165
-0.145,0.145
-0.13,0.125
-0.12,0.12
-0.11,0.125
-0.11,0.135
-0.105,0.11
-0.115,0.09
-0.14,0.07
-0.125,0.08
-0.11,0.095
-0.08,0.09
-0.065,0.085
-0.075,0.075
-0.105,0.075
-0.115,0.08
-0.125,0.1
-0.11,0.1
-0.1,0.1
-0.115,0.075
-0.14,0.07
-0.165,0.065
-0.15,0.105
-0.16,0.1
-0.145,0.115
-0.135,0.095
-0.15,0.08
-0.15,0.09
-0.15,0.095
-0.13,0.125
-0.135,0.105
-0.16,0.095
-0.17,0.085
-0.18,0.1
-0.17,0.115
-0.165,0.13
-0.14,0.14
-0.155,0.09
-0.175,0.095
-0.185,0.105
-0.18,0.125
-0.17,0.135
-0.165,0.135
-0.17,0.12
-0.19,0.115
-0.19,0.105
-0.195,0.125
-0.165,0.13
-0.16,0.125
-0.165,0.12
-0.17,0.105
-0.18,0.13
-0.19,0.135
-0.17,0.14
-0.165,0.11
-0.185,0.09
-0.195,0.095
-0.185,0.105
-0.17,0.12
-0.15,0.14
-0.15,0.12
-0.165,0.105
-0.185,0.09
-0.18,0.085
-0.16,0.09
-0.145,0.125
-0.145,0.12
-0.16,0.1
-0.18,0.095
-0.175,0.09
-0.175,0.105
-0.16,0.115
-0.15,0.11
-0.155,0.095
-0.17,0.065
-0.165,0.08
-0.14,0.095
-0.115,0.105
-0.115,0.09
-0.115,0.075
-0.115,0.045
-0.115,0.055
-0.09,0.075
-0.09,0.095
-0.075,0.085
-0.095,0.08
-0.11,0.06
-0.115,0.07
-0.1,0.07
-0.075,0.09
-0.065,0.06
-0.06,0.04
-0.075,0.015
-0.095,0.025
-0.075,0.05
-0.07,0.06
-0.07,0.055
-0.085,0.045
-0.085,0.02
-0.1,0.025
-0.1,0.045
-0.1,0.06
-0.1,0.035
-0.1,0.02
-0.115,0.015
-0.12,0.005
-0.11,0.03
-0.125,0.035
-0.13,0.03
-0.16,-0.005
-0.18,-0.01
-0.18,0.005
-0.16,0.01
-0.12,0.03
-0.1,0.01
-0.115,0.005
-0.15,0.0
-0.185,-0.01
-0.175,0.01
-0.175,0.03
-0.165,0.025
-0.165,0.015
-0.19,-0.005
-0.185,0.01
-0.18,0.03
-0.16,0.04
-0.135,0.025
-0.15,0.0
-0.18,0.0
-0.185,0.0
-0.175,0.01
-0.17,0.015
-0.185,0.0
-0.2,0.005
-0.19,0.015
-0.165,0.035
-0.155,0.08
-0.15,0.11
-0.145,0.085
-0.145,0.045
-0.105,-0.02
0.0,-0.11
0.135,-0.22
0.27,-0.305
0.39,-0.435
0.485,-0.57
0.585,-0.665
0.71,-0.785
0.875,-0.865
1.07,-0.92
1.295,-0.985
1.485,-1.04
1.675,-1.095
1.855,-1.105
2.015,-1.095
2.105,-1.065
2.14,-1.095
2.11,-1.08
2.01,-1.095
1.8,-1.075
1.41,-1.045
0.96,-0.97
0.58,-0.92
0.365,-0.865
0.285,-0.805
0.275,-0.715
0.285,-0.59
0.275,-0.49
0.25,-0.445
0.19,-0.4
0.125,-0.375
0.085,-0.33
0.045,-0.275
0.045,-0.22
0.03,-0.19
0.01,-0.165
-0.015,-0.13
-0.05,-0.055
-0.095,0.005
-0.115,0.04
-0.12,0.095
-0.165,0.105
-0.2,0.135
-0.24,0.165
-0.265,0.21
-0.27,0.24
-0.28,0.245
-0.3,0.25
-0.34,0.25
-0.355,0.275
-0.34,0.31
-0.35,0.33
-0.34,0.325
-0.35,0.31
-0.345,0.295
-0.35,0.315
-0.33,0.35
-0.335,0.365
-0.325,0.365
-0.335,0.355
-0.355,0.36
-0.355,0.375
-0.365,0.4
-0.345,0.415
-0.33,0.43
-0.33,0.42
-0.365,0.43
-0.38,0.43
-0.365,0.46
-0.345,0.48
-0.325,0.495
-0.34,0.49
-0.345,0.475
-0.37,0.485
-0.365,0.51
-0.365,0.545
-0.36,0.55
-0.36,0.56
-0.385,0.565
-0.375,0.585
-0.375,0.62
-0.39,0.65
-0.39,0.65
-0.395,0.655
-0.415,0.67
-0.42,0.67
-0.41,0.71
-0.39,0.75
-0.39,0.745
-0.44,0.745
-0.45,0.745
-0.435,0.77
-0.43,0.775
-0.405,0.79
-0.39,0.8
-0.405,0.805
-0.43,0.775
-0.455,0.785
-0.475,0.79
-0.46,0.79
-0.45,0.805
-0.45,0.78
-0.465,0.765
-0.475,0.745
-0.465,0.75
-0.45,0.72
-0.425,0.71
-0.42,0.675
-0.41,0.65
-0.405,0.645
-0.385,0.625
-0.37,0.61
-0.365,0.575
-0.385,0.545
-0.385,0.49
-0.36,0.475
-0.33,0.455
-0.275,0.435
-0.27,0.415
-0.255,0.375
-0.25,0.315
-0.25,0.285
-0.24,0.265
-0.185,0.25
-0.145,0.23
-0.145,0.2
-0.15,0.175
-0.155,0.15
-0.165,0.145
-0.13,0.135
-0.1,0.12
-0.09,0.1
-0.085,0.07
-0.095,0.1
-0.115,0.095
-0.12,0.11
-0.12,0.11
-0.115,0.085
-0.12,0.065
-0.115,0.06
-0.1,0.05
-0.085,0.085
-0.075,0.065
-0.085,0.055
-0.125,0.06
-0.075,0.075
-0.035,0.115
0.04,0.14
0.12,0.155
0.165,0.16
0.25,0.17
0.345,0.2
0.46,0.245
0.59,0.305
0.7,0.325
0.81,0.35
0.885,0.365
0.97,0.435
1.065,0.495
1.19,0.57
1.33,0.625
1.435,0.68
1.515,0.735
1.585,0.79
1.635,0.85
1.61,0.905
1.44,0.94
1.12,0.985
0.74,0.995
0.325,1.035
-0.08,1.075
-0.475,1.09
-0.795,1.06
-1.07,1.01
-1.25,0.975
-1.365,0.94
-1.415,0.93
-1.455,0.93
-1.53,0.89
-1.645,0.85
-1.775,0.815
-1.875,0.775
-1.935,0.765
-1.97,0.76
-1.99,0.74
-2.035,0.715
-2.065,0.695
-2.065,0.7
-2.06,0.725
-2.02,0.735
-2.0,0.705
-1.995,0.66
-1.955,0.58
-1.895,0.555
-1.775,0.525
-1.655,0.495
-1.525,0.475
-1.42,0.465
-1.33,0.465
-1.255,0.485
-1.125,0.53
-0.995,0.555
-0.88,0.57
-0.82,0.585
-0.785,0.57
-0.76,0.585
-0.73,0.59
-0.685,0.585
-0.655,0.53
-0.62,0.465
-0.58,0.41
-0.51,0.335
-0.445,0.295
-0.39,0.25
-0.325,0.19
-0.29,0.15
-0.255,0.075
-0.22,0.04
-0.175,0.02
-0.125,-0.005
-0.085,-0.065
-0.055,-0.125
-0.035,-0.16
0.005,-0.195
0.045,-0.205
0.08,-0.235
0.105,-0.28
0.1,-0.3
0.115,-0.335
0.13,-0.36
0.165,-0.365
0.175,-0.37
0.185,-0.395
0.175,-0.42
0.2,-0.475
0.235,-0.46
0.28,-0.475
0.315,-0.465
0.35,-0.485
0.355,-0.52
0.365,-0.545
0.375,-0.58
0.41,-0.575
0.445,-0.585
0.485,-0.6
0.515,-0.63
0.54,-0.66
0.54,-0.665
0.575,-0.665
0.61,-0.665
0.64,-0.685
0.66,-0.71
0.69,-0.725
0.71,-0.745
0.75,-0.74
0.8,-0.73
0.82,-0.745
0.83,-0.755
0.83,-0.775
0.845,-0.77
0.875,-0.76
0.92,-0.745
0.955,-0.76
0.975,-0.775
0.985,-0.78
1.01,-0.785
1.05,-0.76
1.1,-0.74
1.145,-0.755
1.165,-0.755
1.17,-0.765
1.19,-0.755
1.215,-0.73
1.235,-0.705
1.27,-0.7
1.26,-0.7
1.25,-0.72
1.245,-0.7
1.26,-0.68
1.26,-0.655
1.26,-0.635
1.235,-0.64
1.215,-0.63
1.2,-0.615
1.19,-0.57
1.18,-0.535
1.17,-0.515
1.13,-0.525
1.1,-0.51
1.045,-0.485
1.035,-0.445
1.02,-0.41
0.985,-0.38
0.945,-0.365
0.885,-0.37
0.84,-0.35
0.81,-0.315
0.785,-0.3
0.765,-0.275
0.71,-0.27
0.675,-0.275
0.64,-0.25
0.615,-0.185
0.59,-0.145
0.55,-0.145
0.5,-0.145
0.455,-0.13
0.405,-0.115
0.37,-0.075
0.35,-0.04
0.32,-0.045
0.26,-0.05
0.2,-0.035
0.17,-0.03
0.145,-0.02
0.13,0.0
0.11,0.005
0.075,-0.01
0.055,-0.02
0.03,-0.015
0.015,0.005
0.005,0.01
-0.005,0.015
-0.02,-0.005
-0.015,-0.005
-0.03,-0.01
-0.04,0.03
-0.045,0.025
-0.04,0.015
-0.04,0.005
-0.06,0.0
-0.06,0.015
-0.09,0.015
-0.065,0.035
-0.07,0.045
-0.085,0.02
-0.08,0.0
-0.08,-0.005
-0.08,0.01
-0.08,0.035
-0.08,0.045
-0.09,0.015
-0.1,0.005
-0.115,0.0
-0.125,0.02
-0.105,0.035
-0.1,0.03
-0.105,0.025
-0.12,0.02
-0.135,0.02
-0.145,0.025
-0.14,0.035
-0.115,0.04
-0.135,0.02
-0.145,0.0
-0.17,0.01
-0.155,0.05
-0.155,0.045
-0.13,0.03
-0.145,0.02
-0.155,0.005
-0.16,0.015
-0.16,0.02
-0.155,0.035
-0.15,0.035
-0.16,0.005
-0.17,-0.005
-0.175,0.0
-0.165,0.015
-0.16,0.025
-0.145,0.015
-0.175,0.005
-0.175,-0.005
-0.18,0.005
-0.17,0.025
-0.165,0.025
-0.15,0.03
-0.175,0.025
-0.195,0.015
-0.185,0.005
-0.19,0.02
-0.18,0.03
-0.17,0.02
-0.17,0.005
-0.18,-0.005
-0.195,0.005
-0.21,0.01
-0.19,0.015
-0.185,0.02
-0.185,-0.015
-0.19,-0.015
-0.215,-0.005
-0.21,0.0
-0.205,0.015
-0.205,0.025
-0.205,0.005
-0.21,-0.02
-0.215,-0.01
-0.21,-0.005
-0.19,0.005
-0.175,0.01
-0.195,-0.02
-0.215,-0.025
-0.23,-0.01
-0.23,0.005
-0.2,0.01
-0.18,0.005
-0.185,-0.01
-0.205,-0.03
-0.22,-0.015
-0.22,-0.005
-0.215,0.005
-0.185,0.0
-0.2,0.0
-0.21,-0.005
-0.205,-0.005
-0.205,0.0
-0.2,0.01
-0.195,0.01
-0.195,-0.01
-0.205,-0.025
-0.215,-0.01
-0.21,0.005
-0.195,0.025
-0.19,0.005
-0.2,-0.015
-0.21,-0.025
-0.225,-0.005
-0.22,0.01
-0.195,0.02
-0.185,0.025
-0.205,0.01
-0.215,-0.01
-0.24,0.0
-0.225,0.01
-0.22,0.02
-0.18,0.025
-0.195,0.0
-0.205,-0.02
-0.205,-0.01
-0.21,0.01
-0.21,0.0
-0.19,0.0
-0.195,-0.02
-0.21,-0.01
-0.2,-0.01
-0.2,0.0
-0.21,0.015
-0.22,0.015
-0.21,0.005
-0.215,-0.015
-0.215,-0.02
-0.195,0.005
-0.195,0.005
-0.185,0.005
-0.2,-0.015
-0.21,-0.01
-0.235,-0.005
-0.225,-0.005
-0.205,0.025
-0.19,0.01
-0.195,0.0
-0.215,-0.02
-0.225,-0.015
-0.225,-0.005
-0.2,0.02
-0.19,0.01
-0.185,0.0
-0.2,-0.02
-0.225,-0.02
-0.21,0.005
-0.2,0.01
-0.19,0.015
-0.19,0.01
-0.195,-0.035
-0.2,-0.005
-0.205,0.0
-0.185,0.01
-0.185,0.0
-0.195,-0.005
-0.2,-0.03
-0.21,-0.025
-0.195,0.01
-0.185,0.02
-0.185,0.01
-0.185,-0.01
-0.19,-0.02
-0.2,-0.02
-0.185,-0.01
-0.15,-0.01
-0.135,0.0
-0.12,-0.015
-0.14,-0.03
-0.13,-0.03
-0.125,-0.025
-0.12,-0.01
-0.11,0.005
-0.11,-0.025
-0.125,-0.025
-0.12,-0.015
-0.12,-0.01
-0.09,-0.005
-0.09,-0.02
-0.095,-0.03
-0.11,-0.04
-0.105,-0.03
-0.11,-0.03
-0.11,-0.01
-0.11,-0.015
-0.11,-0.03
-0.12,-0.02
-0.135,-0.035
-0.12,0.0
-0.13,0.01
-0.125,-0.005
-0.135,-0.005
-0.145,-0.01
-0.165,-0.005
-0.165,0.005
-0.155,0.005
-0.15,0.0
-0.165,-0.015
-0.185,-0.02
-0.21,-0.03
-0.215,-0.035
-0.18,-0.01
-0.17,0.0
-0.175,0.0
-0.175,-0.03
-0.21,-0.02
-0.23,0.005
-0.215,0.015
-0.18,0.03
-0.19,0.005
-0.19,-0.005
-0.19,-0.005
-0.175,0.01
-0.17,0.015
-0.175,0.01
-0.18,0.0
-0.2,0.01
-0.195,0.02
-0.175,0.055
-0.165,0.095
-0.16,0.11
-0.18,0.08
-0.185,0.045
-0.16,0.0
-0.09,-0.05
0.04,-0.11
0.13,-0.2
0.21,-0.295
0.25,-0.39
0.28,-0.49
0.35,-0.605
0.455,-0.73
0.575,-0.84
0.735,-0.93
0.925,-1.0
1.135,-1.03
1.365,-1.025
1.59,-1.0
1.81,-1.01
1.965,-1.005
2.07,-0.995
2.075,-0.955
2.04,-0.94
1.89,-0.93
1.605,-0.94
1.2,-0.925
0.8,-0.92
0.55,-0.895
0.43,-0.87
0.405,-0.83
0.39,-0.79
0.35,-0.71
0.3,-0.635
0.25,-0.56
0.235,-0.465
0.21,-0.405
0.18,-0.35
0.12,-0.305
0.065,-0.265
0.01,-0.21
-0.01,-0.155
-0.02,-0.09
-0.025,-0.045
-0.055,-0.03
-0.095,-0.01
-0.125,0.035
-0.155,0.07
-0.175,0.1
-0.19,0.135
-0.22,0.125
-0.245,0.16
-0.285,0.18
-0.285,0.22
-0.285,0.24
-0.28,0.25
-0.295,0.26
-0.32,0.245
-0.335,0.255
-0.35,0.285
-0.37,0.315
-0.325,0.325
-0.33,0.31
-0.355,0.31
-0.365,0.325
-0.36,0.325
-0.36,0.34
-0.345,0.35
-0.365,0.35
-0.37,0.345
-0.39,0.35
-0.375,0.365
-0.36,0.395
-0.355,0.39
-0.375,0.39
-0.38,0.37
-0.4,0.38
-0.395,0.41
-0.37,0.44
-0.36,0.445
-0.37,0.45
-0.395,0.435
-0.41,0.465
-0.415,0.475
-0.39,0.505
-0.38,0.51
-0.39,0.505
-0.405,0.505
-0.415,0.53
-0.41,0.545
-0.41,0.565
-0.405,0.58
-0.405,0.58
-0.415,0.57
-0.43,0.595
-0.44,0.615
-0.445,0.65
-0.415,0.665
-0.43,0.665
-0.45,0.655
-0.47,0.675
-0.465,0.685
-0.46,0.71
-0.44,0.72
-0.455,0.7
-0.475,0.69
-0.51,0.695
-0.505,0.705
-0.5,0.715
-0.49,0.72
-0.51,0.71
-0.505,0.695
-0.51,0.695
-0.5,0.71
-0.5,0.72
-0.5,0.71
-0.505,0.69
-0.535,0.665
-0.54,0.655
-0.515,0.65
-0.485,0.65
-0.475,0.62
-0.48,0.59
-0.48,0.565
-0.495,0.545
-0.475,0.535
-0.455,0.53
-0.425,0.515
-0.415,0.485
-0.4,0.45
-0.4,0.435
-0.385,0.42
-0.355,0.4
-0.33,0.365
-0.32,0.345
-0.305,0.285
-0.29,0.27
-0.26,0.275
-0.22,0.25
-0.185,0.22
-0.175,0.195
-0.165,0.155
-0.165,0.145
-0.135,0.145
-0.105,0.16
-0.09,0.12
-0.085,0.095
-0.1,0.07
-0.115,0.065
-0.095,0.075
-0.08,0.085
-0.05,0.065
-0.055,0.06
-0.055,0.04
-0.065,0.04
-0.065,0.05
-0.065,0.06
-0.05,0.055
-0.065,0.05
-0.085,0.025
-0.09,0.02
-0.1,0.045
-0.085,0.06
-0.085,0.055
-0.095,0.05
-0.135,0.04
-0.13,0.03
-0.12,0.04
-0.09,0.06
-0.085,0.07
-0.095,0.05
-0.12,0.045
-0.13,0.04
-0.135,0.07
-0.12,0.08
-0.11,0.08
-0.105,0.08
-0.11,0.04
-0.115,0.055
-0.12,0.08
-0.12,0.08
-0.12,0.08
-0.135,0.065
-0.145,0.075
-0.16,0.07
-0.165,0.085
-0.135,0.1
-0.13,0.09
-0.14,0.07
-0.16,0.06
-0.155,0.075
-0.165,0.09
-0.135,0.095
-0.125,0.1
-0.115,0.095
-0.135,0.085
-0.13,0.07
-0.135,0.085
-0.12,0.1
-0.105,0.095
-0.13,0.085
-0.13,0.065
-0.155,0.065
-0.16,0.09
-0.14,0.1
-0.11,0.105
-0.12,0.09
-0.13,0.08
-0.14,0.08
-0.14,0.08
-0.125,0.09
-0.115,0.1
-0.13,0.09
-0.135,0.1
-0.145,0.09
-0.14,0.085
-0.12,0.1
-0.11,0.095
-0.1,0.085
-0.105,0.06
-0.13,0.07
-0.125,0.08
-0.105,0.09
-0.085,0.075
-0.075,0.06
-0.075,0.05
-0.075,0.035
-0.08,0.045
-0.06,0.07
-0.055,0.07
-0.06,0.065
-0.07,0.04
-0.085,0.03
-0.065,0.06
-0.05,0.07
-0.015,0.06
-0.03,0.055
-0.05,0.035
-0.065,0.03
-0.06,0.045
-0.055,0.065
-0.035,0.04
-0.04,0.03
-0.06,0.015
-0.075,0.01
-0.08,0.02
-0.05,0.04
-0.03,0.03
-0.045,0.04
-0.065,0.015
-0.095,0.01
-0.1,0.02
